Account ID,Category,Sub Category,Groups,Cash Flow Type,Type
3,CASH OUT FLOW,TRANSACTIONS,INVESTMENTS (INVEST),NON-OPERATIONAL,REVENUE
4,CASH IN FLOW,TRANSACTIONS,INVESTMENTS (REDEEM),NON-OPERATIONAL,REVENUE
6,CASH OUT FLOW,TRANSACTIONS,MUTUAL - EXPENSE,NON-OPERATIONAL,REVENUE
5,CASH IN FLOW,TRANSACTIONS,MUTUAL - REVENUE,NON-OPERATIONAL,REVENUE
2,CASH OUT FLOW,TRANSACTIONS,TRANSFERS AMONG EXPENSE ACCOUNTS,NON-OPERATIONAL,REVENUE
1,CASH IN FLOW,TRANSACTIONS,TRANSFERS AMONG REVENUE ACCOUNTS,NON-OPERATIONAL,REVENUE
1010,CASH IN FLOW,RETURNS - MANDATORY SYSTEM,ASSETS - MANDATORY SYSTEM,OPERATIONAL,REVENUE
5001,CASH IN FLOW,OPERATIONAL REVENUE,BENEFIT / INDUSTRIALIZATION,OPERATIONAL,REVENUE
5007,CASH IN FLOW,OPERATIONAL REVENUE,SALES INTERMEDIATION,OPERATIONAL,REVENUE
5002,CASH IN FLOW,OPERATIONAL REVENUE,SERVICES PROVISION,OPERATIONAL,REVENUE
5010,CASH IN FLOW,NON-OPERATIONAL REVENUE,REVENUE - ASSETS DISCOUNT,OPERATIONAL,REVENUE
5008,CASH IN FLOW,OPERATIONAL REVENUE,"TECHNICAL SERVICES, INST. AND MAINT.",OPERATIONAL,REVENUE
5006,CASH IN FLOW,OPERATIONAL REVENUE,SALE PRODUCT 1,OPERATIONAL,REVENUE
5005,CASH IN FLOW,OPERATIONAL REVENUE,SALE PRODUCT 2,OPERATIONAL,REVENUE
5003,CASH IN FLOW,OPERATIONAL REVENUE,SALES OF MERCHANDISE,OPERATIONAL,REVENUE
5004,CASH IN FLOW,OPERATIONAL REVENUE,PRODUCT SALES,OPERATIONAL,REVENUE
5009,CASH IN FLOW,OPERATIONAL REVENUE,SALES OF EXTRA PRODUCTS,OPERATIONAL,REVENUE
5101,CASH IN FLOW,NON-OPERATIONAL REVENUE,CREDIT SETTLEMENT,NON-OPERATIONAL,REVENUE
5102,CASH IN FLOW,NON-OPERATIONAL REVENUE,FINANCIAL INVESTMENTS,NON-OPERATIONAL,REVENUE
5103,CASH IN FLOW,NON-OPERATIONAL REVENUE,CAPITAL GRANT,NON-OPERATIONAL,REVENUE
5104,CASH IN FLOW,NON-OPERATIONAL REVENUE,UNDUE CREDIT - VALUE TO WRITE OFF,NON-OPERATIONAL,REVENUE
5105,CASH IN FLOW,NON-OPERATIONAL REVENUE,LOANS AND FINANCING,NON-OPERATIONAL,REVENUE
5109,CASH IN FLOW,NON-OPERATIONAL REVENUE,FINE AND INTEREST,NON-OPERATIONAL,REVENUE
5106,CASH IN FLOW,NON-OPERATIONAL REVENUE,OTHER REVENUE,NON-OPERATIONAL,REVENUE
5111,CASH IN FLOW,NON-OPERATIONAL REVENUE,REVENUE - RESERVE BOX,NON-OPERATIONAL,REVENUE
5107,CASH IN FLOW,NON-OPERATIONAL REVENUE,VALUE TO IDENTIFY,NON-OPERATIONAL,REVENUE
6001,CASH OUT FLOW,FIXED COST,WATER / SEWAGE,OPERATIONAL,FIXED
6002,CASH OUT FLOW,FIXED COST,RENT / MUNICIPALITY TAX  / COMPLEX,OPERATIONAL,FIXED
6003,CASH OUT FLOW,FIXED COST,ELECTRICITY,OPERATIONAL,FIXED
6004,CASH OUT FLOW,FIXED COST,TELECOMMUNICATION (CEL/LANDLINE /INTERN.),OPERATIONAL,FIXED
6112,CASH OUT FLOW,DIRECT EXPENSES,ADVANCE,OPERATIONAL,VARIABLE
6116,CASH OUT FLOW,DIRECT EXPENSES,PRODUCT PURCHASE 2,OPERATIONAL,VARIABLE
6111,CASH OUT FLOW,DIRECT EXPENSES,PURCHASE OF MATERIAL FOR RESALE,OPERATIONAL,VARIABLE
6115,CASH OUT FLOW,DIRECT EXPENSES,PRODUCT PURCHASE 1,OPERATIONAL,VARIABLE
6119,CASH OUT FLOW,DIRECT EXPENSES,TRAVEL EXPENSES,OPERATIONAL,VARIABLE
6113,CASH OUT FLOW,DIRECT EXPENSES,FREELANCER,OPERATIONAL,VARIABLE
6114,CASH OUT FLOW,DIRECT EXPENSES,FREIGHT - POST,OPERATIONAL,VARIABLE
6101,CASH OUT FLOW,DIRECT EXPENSES,INST / PROD. FOOD / OFF / HOST,OPERATIONAL,VARIABLE
6118,CASH OUT FLOW,DIRECT EXPENSES,INSTALLATION AND MAINTENANCE - AGFA,OPERATIONAL,VARIABLE
6120,CASH OUT FLOW,DIRECT EXPENSES,INSTALLATION / INSPECTION - ARCHITECTURE,OPERATIONAL,VARIABLE
6102,CASH OUT FLOW,DIRECT EXPENSES,ACCESSORIES,OPERATIONAL,VARIABLE
6103,CASH OUT FLOW,DIRECT EXPENSES,SHEET,OPERATIONAL,VARIABLE
6104,CASH OUT FLOW,DIRECT EXPENSES,SAILCLOTH,OPERATIONAL,VARIABLE
6105,CASH OUT FLOW,DIRECT EXPENSES,FINISHING MATERIALS,OPERATIONAL,VARIABLE
6106,CASH OUT FLOW,DIRECT EXPENSES,PAPERS / FILMS AND OTHERS,OPERATIONAL,VARIABLE
6108,CASH OUT FLOW,DIRECT EXPENSES,PAINTS / VARNISHES,OPERATIONAL,VARIABLE
6107,CASH OUT FLOW,DIRECT EXPENSES,STICKERS,OPERATIONAL,VARIABLE
6109,CASH OUT FLOW,DIRECT EXPENSES,SERV. PROV. - INSTALLATION  INSPECTION,OPERATIONAL,VARIABLE
6110,CASH OUT FLOW,DIRECT EXPENSES,SERV. PROV. - USED AS INPUT,OPERATIONAL,VARIABLE
6117,CASH OUT FLOW,DIRECT EXPENSES,RESALE - PRODUCT 3,OPERATIONAL,VARIABLE
6201,CASH OUT FLOW,VARIABLE EXPENSES,VARIABLE EXPENSES - POST OFFICE,OPERATIONAL,VARIABLE
6202,CASH OUT FLOW,VARIABLE EXPENSES,VARIABLE EXPENSES - FINISHES MAINT.,OPERATIONAL,VARIABLE
6203,CASH OUT FLOW,VARIABLE EXPENSES,VARIABLE EXPENSES - PRINT MAINT.,OPERATIONAL,VARIABLE
6204,CASH OUT FLOW,VARIABLE EXPENSES,VARIABLE EXPENSES - BUILDING/ADMIN MAINT.,OPERATIONAL,VARIABLE
6205,CASH OUT FLOW,VARIABLE EXPENSES,VARIABLE EXPENSES - SUPPLIES,OPERATIONAL,VARIABLE
6206,CASH OUT FLOW,VARIABLE EXPENSES,VARIABLE EXPENSES - IT -  HARDWARE,OPERATIONAL,VARIABLE
6207,CASH OUT FLOW,VARIABLE EXPENSES,VARIABLE EXPENSES - IT - LICENSE / SOFTWARE,OPERATIONAL,VARIABLE
6208,CASH OUT FLOW,VARIABLE EXPENSES,VARIABLE EXPENSES - IT - MAINTENANCE (ONLY),OPERATIONAL,VARIABLE
6209,CASH OUT FLOW,VARIABLE EXPENSES,VARIABLE EXPENSES -  REIMBURSEMENT / UNDUE DEBIT,OPERATIONAL,VARIABLE
6320,CASH OUT FLOW,PERSONNEL EXPENSES,SOCIAL BENEFIT - BONUSES AND INCENTIVES,OPERATIONAL,VARIABLE
6319,CASH OUT FLOW,PERSONNEL EXPENSES,SOCIAL BENEFIT - PAYROLL COMPLEMENT - BONUS,OPERATIONAL,VARIABLE
6318,CASH OUT FLOW,PERSONNEL EXPENSES,SOCIAL BENEFIT - HEALTH INSURANCE,OPERATIONAL,FIXED
6317,CASH OUT FLOW,PERSONNEL EXPENSES,SOCIAL BENEFIT - HEALTH / MEDICAMENTS / EXAMS,OPERATIONAL,FIXED
6316,CASH OUT FLOW,PERSONNEL EXPENSES,SOCIAL BENEFIT - TRANSPORT VOUCHER,OPERATIONAL,FIXED
6315,CASH OUT FLOW,PERSONNEL EXPENSES,SOCIAL COSTS - CLASS ASSOCIATION,OPERATIONAL,FIXED
6314,CASH OUT FLOW,PERSONNEL EXPENSES,SOCIAL COSTS - TRADE UNION CONTRIBUTION,OPERATIONAL,FIXED
6313,CASH OUT FLOW,PERSONNEL EXPENSES,SOCIAL COSTS - UNEMPLOYMENT FUND,OPERATIONAL,FIXED
6312,CASH OUT FLOW,PERSONNEL EXPENSES,SOCIAL COSTS - SOCIAL SECURITY INSTITUTE,OPERATIONAL,FIXED
6311,CASH OUT FLOW,PERSONNEL EXPENSES,SOCIAL COSTS - PAYER-RETAINED INCOME TAX (PRIT),OPERATIONAL,FIXED
6309,CASH OUT FLOW,PERSONNEL EXPENSES,SOCIAL COSTS - TERMINATIONS,OPERATIONAL,FIXED
6310,CASH OUT FLOW,PERSONNEL EXPENSES,SOCIAL COSTS - LABOR PROCESS,OPERATIONAL,FIXED
6306,CASH OUT FLOW,PERSONNEL EXPENSES,OTHER EXPENSES WITH PERSONAL - TRAINING,OPERATIONAL,FIXED
6308,CASH OUT FLOW,PERSONNEL EXPENSES,OTHER EXPENSES WITH PERSONAL - FOOD,OPERATIONAL,FIXED
6307,CASH OUT FLOW,PERSONNEL EXPENSES,OTHER EXPENSES WITH PERSONAL - LABOR INSURANCE,OPERATIONAL,FIXED
6305,CASH OUT FLOW,PERSONNEL EXPENSES,PAYMENT - 13th SALARY,OPERATIONAL,FIXED
6322,CASH OUT FLOW,PERSONNEL EXPENSES,PAYMENT - 13th RESALE SALARY,OPERATIONAL,FIXED
6324,CASH OUT FLOW,PERSONNEL EXPENSES,PAYMENT - RESALE BONUS,OPERATIONAL,FIXED
6304,CASH OUT FLOW,PERSONNEL EXPENSES,PAYMENT - VACATION,OPERATIONAL,FIXED
6303,CASH OUT FLOW,PERSONNEL EXPENSES,PAYMENT - OVERTIME,OPERATIONAL,FIXED
6302,CASH OUT FLOW,PERSONNEL EXPENSES,PAYMENT - ALIMONY,OPERATIONAL,FIXED
6321,CASH OUT FLOW,PERSONNEL EXPENSES,PAYMENT - RESALE SALARY,OPERATIONAL,FIXED
6301,CASH OUT FLOW,PERSONNEL EXPENSES,PAYMENT - WAGES,OPERATIONAL,FIXED
6325,CASH OUT FLOW,PERSONNEL EXPENSES,PAYMENT - ASSISTANCE / COST,OPERATIONAL,FIXED
6323,CASH OUT FLOW,PERSONNEL EXPENSES,PAYMENT - COMMISSION,OPERATIONAL,FIXED
6402,CASH OUT FLOW,ALLOCATION OF PROFITS/DIVIDEND,ALLOCATION OF PROFIT,OPERATIONAL,VARIABLE
6401,CASH OUT FLOW,ALLOCATION OF PROFITS/DIVIDEND,PRO-LABORE AND WITHDRAWALS,OPERATIONAL,FIXED
6501,CASH OUT FLOW,MARKETING / ADVERTISING,SELLER BENEFITS - SUBSISTENCE ALLOWANCE,OPERATIONAL,FIXED
6503,CASH OUT FLOW,MARKETING / ADVERTISING,AGENCIES COMISSION (WEBSITE MANAGENAMENT),OPERATIONAL,VARIABLE
6508,CASH OUT FLOW,MARKETING / ADVERTISING,SALES COMMISSION,OPERATIONAL,VARIABLE
6502,CASH OUT FLOW,MARKETING / ADVERTISING,SELLER COMMISSION,OPERATIONAL,VARIABLE
6505,CASH OUT FLOW,MARKETING / ADVERTISING,COMMISSIONS - BV,OPERATIONAL,VARIABLE
6504,CASH OUT FLOW,MARKETING / ADVERTISING,EXTRA COMMISSIONS,OPERATIONAL,VARIABLE
6506,CASH OUT FLOW,MARKETING / ADVERTISING,INTERNET-MARKETS / EVENTS / GOOGLE,OPERATIONAL,FIXED
6507,CASH OUT FLOW,MARKETING / ADVERTISING,TRAVELS,OPERATIONAL,FIXED
6601,CASH OUT FLOW,ASSETS INVESTMENTS,EQUIPMENT,NON-OPERATIONAL,FIXED
6602,CASH OUT FLOW,ASSETS INVESTMENTS,PROPERTIES,NON-OPERATIONAL,FIXED
6603,CASH OUT FLOW,ASSETS INVESTMENTS,LEASING,NON-OPERATIONAL,FIXED
6701,CASH OUT FLOW,SERVICE PROVIDER,COMMERCIAL ADVISORY,OPERATIONAL,FIXED
6702,CASH OUT FLOW,SERVICE PROVIDER,ACCOUNTING ADVISORY,OPERATIONAL,FIXED
6703,CASH OUT FLOW,SERVICE PROVIDER,LEGAL ADVISORY,OPERATIONAL,FIXED
6704,CASH OUT FLOW,SERVICE PROVIDER,CONSULTANTS,OPERATIONAL,FIXED
6705,CASH OUT FLOW,SERVICE PROVIDER,MAID,OPERATIONAL,FIXED
6801,CASH OUT FLOW,TRANSPORT,FUEL,OPERATIONAL,FIXED
6802,CASH OUT FLOW,TRANSPORT,FINANCING (VEHICLES),OPERATIONAL,FIXED
6803,CASH OUT FLOW,TRANSPORT,FREIGHT,OPERATIONAL,VARIABLE
6804,CASH OUT FLOW,TRANSPORT,FREIGHT,OPERATIONAL,VARIABLE
6805,CASH OUT FLOW,TRANSPORT,FREIGHT,OPERATIONAL,VARIABLE
6806,CASH OUT FLOW,TRANSPORT,VEHICLE LEASING,OPERATIONAL,FIXED
6807,CASH OUT FLOW,TRANSPORT,MAINTENANCE,OPERATIONAL,FIXED
6808,CASH OUT FLOW,TRANSPORT,TRANSIT FINE,OPERATIONAL,FIXED
6809,CASH OUT FLOW,TRANSPORT,TOLL / PARKING,OPERATIONAL,FIXED
6810,CASH OUT FLOW,TRANSPORT,TAXI / UBER,OPERATIONAL,FIXED
6909,CASH OUT FLOW,FINANCING EXPENSES,EXPENSES SETTLEMENT,NON-OPERATIONAL,FIXED
6901,CASH OUT FLOW,FINANCING EXPENSES,INVESTMENTS,NON-OPERATIONAL,FIXED
6902,CASH OUT FLOW,FINANCING EXPENSES,CERTIFICATES / NOTARIES / COPIES / CERTIFIES,OPERATIONAL,FIXED
6908,CASH OUT FLOW,FINANCING EXPENSES,RETURN OF UNDUE CREDIT,NON-OPERATIONAL,FIXED
6903,CASH OUT FLOW,FINANCING EXPENSES,LOANS - WORKING CAPITAL,NON-OPERATIONAL,FIXED
6910,CASH OUT FLOW,FINANCING EXPENSES,LOANS - CONTINGENCY RESERVE,NON-OPERATIONAL,FIXED
6911,CASH OUT FLOW,FINANCING EXPENSES,LOANS - ASSETS DISCOUNT,OPERATIONAL,VARIABLE
6912,CASH OUT FLOW,FINANCING EXPENSES,INTEREST / RATES - CONTINGENCY RESERVE,NON-OPERATIONAL,FIXED
6913,CASH OUT FLOW,FINANCING EXPENSES,INTEREST / RATES - ASSETS DISCOUNT,NON-OPERATIONAL,FIXED
6904,CASH OUT FLOW,FINANCING EXPENSES,FINE / INTEREST,NON-OPERATIONAL,FIXED
6905,CASH OUT FLOW,FINANCING EXPENSES,INSURANCE,NON-OPERATIONAL,FIXED
6906,CASH OUT FLOW,FINANCING EXPENSES,RATES AND FEES,OPERATIONAL,FIXED
7001,CASH OUT FLOW,TAXS / FEES,STATE TAXES - VALUE-ADDED TAX,OPERATIONAL,VARIABLE
7002,CASH OUT FLOW,TAXS / FEES,FEDERAL TAXES - SOCIAL SECURITY FINANCING CONTRIBUTION,OPERATIONAL,VARIABLE
7003,CASH OUT FLOW,TAXS / FEES,FEDERAL TAXES - SOCIAL CONTRIBUTION OVER LIQUID PROFIT,OPERATIONAL,VARIABLE
7004,CASH OUT FLOW,TAXS / FEES,FEDERAL TAXES - SOCIAL CONTRIBUTION WITHHOLD AT THE SOURCE,OPERATIONAL,VARIABLE
7005,CASH OUT FLOW,TAXS / FEES,FEDERAL TAXES - IMPORT TAX,OPERATIONAL,VARIABLE
7007,CASH OUT FLOW,TAXS / FEES,FEDERAL TAXES - FINANCIAL OPERATIONS TAX,OPERATIONAL,FIXED
7008,CASH OUT FLOW,TAXS / FEES,FEDERAL TAXES - TAX ON MANUFACTURING OF GOODS,OPERATIONAL,VARIABLE
7009,CASH OUT FLOW,TAXS / FEES,FEDERAL TAXES - CORPORTATE INCOME TAX,OPERATIONAL,VARIABLE
7006,CASH OUT FLOW,TAXS / FEES,FEDERAL TAXES - INSTALLED / DELAYED,OPERATIONAL,VARIABLE
7010,CASH OUT FLOW,TAXS / FEES,FEDERAL TAXES - SOCIAL INTEGRATION PROGRAM,OPERATIONAL,VARIABLE
7011,CASH OUT FLOW,TAXS / FEES,MUNICIPAL TAXES - SERVICE TAX,OPERATIONAL,VARIABLE
7012,CASH OUT FLOW,TAXS / FEES,MUNICIPAL TAXES - MINI/SMALL BUSINESS TAX,OPERATIONAL,VARIABLE
7013,CASH OUT FLOW,TAXS / FEES,MUNICIPAL TAXES - PROPERTY TAX,OPERATIONAL,FIXED
